{
                           "name": "downloader" ,"config":{
                          "topic": "file-chunk-topic"
,               "connector.class": "com.github.markteehan.file.chunk.source.ChunkSourceConnector"
,                     "files.dir": "/tmp/download"
,            "input.file.pattern": ".*"
,                     "tasks.max": "1"
,          "file.minimum.age.ms" : "5000"
,      "binary.chunk.size.bytes" : "300000"
, "cleanup.policy.maintain.relative.path": "true"
,  "input.path.walk.recursively" : "true"
,              "topic.partitions": "1"
}}






