{
                           "name": "uploader" ,"config":{
                                  "topic": "file-chunk-topic"
,                       "connector.class": "com.github.markteehan.file.chunk.source.ChunkSourceConnector"
,                             "files.dir": "/tmp/upload"
,                    "input.file.pattern": ".*"
,                             "tasks.max": "1"
,                  "file.minimum.age.ms" : "5000"
,              "binary.chunk.size.bytes" : "1000000"
, "cleanup.policy.maintain.relative.path": "true"
,          "input.path.walk.recursively" : "true"
,          "finished.file.retention.mins": "10"
,                      "topic.partitions": "1"
}}




